"title","address","phone","website"
"Anniston Army Depot","7 Frankford Ave.Building 7Anniston, AL 36201-4199","256-235-7170","https://www.anad.army.mil/"
"Fort Novosel","Novosel StreetBuilding 5700Fort Novosel, AL 36362","334-255-1110334-255-0797334-255-0434View the DOD DSN number312-558-3161View the DOD DSN FAX number312-558-0434","http://www.novosel.army.mil/imcom/"
"Maxwell AFB and Gunter Annex","Military and Family Readiness Center55 S. Mitchell Bldg 67742 FSS/FSHMaxwell AFB, AL 36112","334-953-2353","http://www.maxwell.af.mil/"
"Redstone Arsenal","3443 Aerobee RoadRedstone Arsenal, AL 35898","256-876-5397256-955-9171View the DOD DSN number312-746-5397View the DOD DSN FAX number312-645-9171",
"USAREC, 2nd Medical Recruiting Battalion","3435 Snooper Road2nd MRBnRedstone Arsenal, AL 35898","256-450-9600256-450-9610","http://www.usarec.army.mil/mrb/9bbn/"
"USAREC, Montgomery Battalion","551 Maxwell Blvd.Building 500 1510Maxwell AFB, AL 36112","334-551-3211334-953-3361","http://www.usarec.army.mil/2ndbde/3hbn/"
"117 ARW","5401 East Lake Blvd - Bldg. 151Birmingham, AL 35242","205-714-2855","https://www.117arw.ang.af.mil/"
"Fort Huachuca","50010 Smith StreetFort Huachuca, AZ 85613-7011","520-533-5919520-533-2330520-533-3778","https://huachuca.armymwr.com/"
"Luke AFB","14185 West Falcon StreetLuke AFB, AZ 85309","623-856-6011623-856-2067View the DOD DSN number312-896-6550View the DOD DSN FAX number312-896-2067","http://www.luke.af.mil/"
"MCAS Yuma","Ave 3E Main GateYuma, AZ 85365","928-269-2252",
"USAREC, Phoenix Battalion","4000 N Central AveSuite 2100Phoenix, AZ 85012","602-254-1738602-462-9109","http://www.usarec.army.mil/5thbde/4pbn/"
"Yuma Proving Ground","301 C. StreetYuma, AZ 85365-9498","928-328-2513312-899-2513","https://home.army.mil/yuma/"
"161 ARW","3200 E Old Tower RoadPhoenix, AZ 85034-7263","602-302-9502","https://www.161arw.ang.af.mil/"
"162 Wing","1650 E Perimeter WayTucson, AZ 85706","520-295-6371","https://www.162wing.ang.af.mil/"
"Little Rock AFB","1500 Vandenberg BlvdLittle Rock AFB, AR 72099-5288","501-987-1110View the DOD DSN number312-731-1110","http://www.littlerock.af.mil/"
"Pine Bluff Arsenal","10-020 Kabrich CirclePine Bluff, AR 71602-9500","870-540-3003870-540-3461View the DOD DSN number312-966-3003View the DOD DSN FAX number312-966-3461","http://www.pba.army.mil"
"188 WG","4850 Leigh AveFort Smith, AR 72903-6096","479-573-5100","https://www.188wg.ang.af.mil/"
"189 AW","112 MSgt Dan Wassom RdLittle Rock AFB, AR 72099","501-987-6068","https://www.189aw.ang.af.mil/"
"Beale AFB","17800 B StreetBeale AFB, CA 95903","530-634-2863530-634-2087View the DOD DSN number312-368-2863View the DOD DSN FAX number312-368-2087",
"Camp Parks","Building 620, 6th StreetCamp Parks, CA 94568","925-875-4650","http://www.parks.army.mil"
"Camp Pendleton","Building 13150Office 155Camp Pendleton Marine Corps Base, CA 92055","760-725-5704760-725-6090760-725-8969View the DOD DSN number312-365-6090View the DOD DSN FAX number312-365-8969","http://www.mccscp.com/CPenInfo"
"Defense Distribution Depot San Joaquin","25600 S. Chrisman Rd.Tracy, CA 95304","209-839-4294","http://www.dla.mil/Distribution/Locations/SanJoaquin.aspx"
"Edwards AFB","90 Farrell Drive, Bldg 5620Edwards AFB, CA 93524","661-277-0723View the DOD DSN number312-527-0723","http://www.edwardsfss.com"
"Fort Hunter Liggett","Bldg. 238 California AvenueJolon, CA 93928","831-386-2506","http://www.liggett.army.mil/sites/local/home.php"
"Fort Irwin","Reception Campus, Bldg 109 Langford Lake RdFort Irwin, CA 92310-1420","760-380-4747760-380-6750760-380-6750760-380-3006View the number760-380-4905","http://www.irwin.army.mil"
"Los Angeles SFB","483 N. Aviation BoulevardEl Segundo, CA 90245-2808","310-653-1110View the DOD DSN number312-633-1110","http://www.losangeles.af.mil"
"March ARB","452nd AMW Public AffairsBldg. 625Riverside DriveMarch ARB, CA 92518","951-655-4137","http://www.march.afrc.af.mil"
"Marine Corps Air Station Miramar","6200 Miramar WaySan Diego, CA 92145","858-307-1011View the DOD DSN number312-267-1428","https://www.miramar.marines.mil"
"Marine Corps Mountain Warfare Training Center (MWTC)","4048 Hwy 108Bridgeport, CA 93517","760-932-1401760-932-1430View the DOD DSN number312-839-1401View the DOD DSN FAX number312-839-1430","http://www.29palms.marines.mil/mcmwtc/"
"MCLB Barstow","7th Street & Wake AvenueBuilding 15 (Base Headquarters)Barstow, CA 92311","760-577-6555312-282-6555View the number760-577-6058View the DOD DSN FAX number312-282-6058",
"MCRD San Diego","1600 Iwo Jima AvePublic AffairsBldg. 1San Diego, CA 92140-5287","619-524-8700619-524-5732619-524-4202619-524-8803View the DOD DSN number312-524-5732View the DOD DSN FAX number312-524-8700","http://www.mcrdsd.marines.mil/"
"Naval Air Facility El Centro","Bennett RoadEl Centro, CA 92243-5001","760-339-2519760-339-2699","http://www.cnic.navy.mil/elcentro/index.htm"
"Naval Air Station Lemoore","Franklin Ave & Enterprise AveLemoore, CA 93245","559-998-4042559-998-4040","http://cnic.navy.mil/lemoore/index.htm"
"Naval Air Weapons Station China Lake","1 Administration CircleChina Lake, CA 93555-6100","855-628-9311","http://www.cnic.navy.mil/chinalake"
"Naval Base Point Loma","Installation Front Gate140 Sylvester RoadNaval Base Point LomaSan Diego, CA 92106","619-553-1011View the DOD DSN number312-553-1011","http://cnic.navy.mil/regions/cnrsw/installations/navbase_point_loma.html"
"Naval Base San Diego","3455 Senn Rd.Bldg. 72San Diego, CA 92136","619-556-1011619-556-1837View the DOD DSN number312-526-1011View the DOD DSN FAX number312-526-1837","https://cnrsw.cnic.navy.mil/Installations/NAVBASE-San-Diego/"
"Naval Base Ventura County - Point Mugu/Port  Hueneme","311 Main RoadBldg 1Point Mugu, CA 93042","805-982-4711805-999-1100","https://www.cnic.navy.mil/regions/cnrsw/installations/navbase_ventura_county/about/installation_guide.html"
"Naval Support Activity Monterey","1 University CircleNaval Postgraduate SchoolMonterey, CA 93943-5001","831-656-2442831-656-3164831-656-2442View the DOD DSN number312-756-3164View the DOD DSN FAX number312-756-2442","http://www.nps.edu"
"Naval Weapons Station Seal Beach","800 Seal Beach BlvdSeal Beach, CA 90740","562-626-7575562-873-7575",
"Presidio of Monterey (DLI/FLC)","Tin Barn W, Rifle Range RoadBLDG 518Monterey, CA 93944","831-242-6692View the DOD DSN number312-768-6890","https://home.army.mil/monterey/index.php"
"Travis Air Force Base","351 Travis AveBldg. 660Travis AFB, CA 94535","707-424-1110707-424-4187View the DOD DSN number312-837-2486View the DOD DSN FAX number312-837-4187","http://www.travisafrc.com"
"Twentynine Palms (MCAGCC)","Information & Referral1526 7th StreetCareer Resource OfficeMCAGCCTwentynine Palms, CA 92278-8150","760-830-6344View the DOD DSN number312-230-6344","http://www.29palms.marines.mil/"
"USAREC, Los Angeles Battalion","US Army Recruiting Battalion-Los Angeles6337 Balboa BoulevardEncino, CA 91316","818-609-8446818-609-7704818-609-7369","http://www.usarec.army.mil/6thbde/6fbn/"
"USAREC, Southern California Battalion","27401 Los AltosSuite 330Mission Viejo, CA 92691","949-367-1150949-367-1502","http://www.usarec.army.mil/6thbde/6kbn"
"USAREC, US Army Battalion Central California","US Army Recruiting, Central California730 Enterprise Ave.Wing 3, Room 3-004NAS Lemoore, CA 93246","559-817-3149559-676-8204","http://www.facebook.com/CentCalRecruitingSFA/"
"USAREC, US Army Recruiting Battalion Northern California","2880 Sunrise BoulevardRancho Cordova, CA 95742","916-853-13581-800-790-9060916-852-6211","http://www.usarec.army.mil/6thbde/6ibn/"
"Vandenberg SFB","6 California BlvdVandenberg SFB, CA 93437-6223","805-606-7662805-606-3743View the DOD DSN number312-276-0039View the DOD DSN FAX number312-276-3743","https://www.vandenberg.spaceforce.mil/Resources/visitorcenter/"
"129 RQW","Building 669 Johnny Luv LaneMoffett ANG Base, CA 94035","650-603-9129","https://www.129rqw.ang.af.mil/"
"144th FW","5323 E. McKinley AveFresno, CA 93727","559-454-5100","https://www.144fw.ang.af.mil/"
"146 AW","100 Mulcahey DrivePort Hueneme, CA 93041","805-986-7470","https://www.146aw.ang.af.mil/"
"163 ATKW","1261 Graeber St Bldg 2313March ARB, CA 92518-1624","951-655-2165","https://www.163atkw.ang.af.mil/"
"Buckley SFB","E Steamboat Ave (Mississippi Gate)Aurora, CO 80011","720-847-1110View the DOD DSN number312-847-1110","http://www.buckley.af.mil"
"Fort Carson","Army Community Service6303 Wetzel Ave.Bldg. 1526Fort Carson, CO 80913","719-526-5811719-526-4590View the DOD DSN number312-691-5811","http://home.army.mil/carson/index.php"
"Peterson SFB","1334 W. Stewart AvenueColorado Springs, CO 80916","719-556-6660View the DOD DSN number312-834-6660","https://www.peterson.spaceforce.mil/"
"USAF Academy","6248 W. Pine LoopUSAF Academy, CO 80840","719-333-3444719-333-7200View the DOD DSN number312-333-3444","https://usafa.af.mil"
"USAREC, Denver Battalion","621 17th Street, Suite 400Denver, CO 80203","303-863-8362619-994-9703303-863-8958","http://www.usarec.army.mil/5thbde/4dbn/"
"140 WG","18860 E Breckenridge AveAurora, CO 80011","720-847-9423","https://www.140wg.ang.af.mil/"
"Naval Submarine Base New London","1 Crystal Lake RoadGroton, CT 06349-5093","860-694-3011860-694-4444View the DOD DSN FAX number312-694-4489","http://www.cnic.navy.mil/regions/cnrma/installations/navsubbase_new_london.html"
"103 AW","100 Nicholson RoadEast Granby, CT 06026","860-292-2460","https://www.103aw.ang.af.mil/"
"Dover AFB","Military & Family Readiness Center846 Sumner StreetBuilding #846Dover, DE 19901","302-677-6930302-677-6477View the DOD DSN number312-445-6930View the DOD DSN FAX number312-445-6477","http://www.dover.af.mil/"
"166th AW","2600 Spruance DriveNew Castle, DE 21911","302-323-3408","https://www.166aw.ang.af.mil/"
"Joint Base Anacostia-Bolling","Military and Family Readiness Center118 Brookley Avenue, Bldg 13Washington, DC 20032","202-284-4473View the DOD DSN number312-484-4473","https:////www.jbab.jb.mil/"
"Naval Support Activity Washington","1411 Parsons Ave. SE, Bldg. 101Washington Navy YardWashington, DC 20374-5028","202-685-0229202-685-1269",
"Pentagon - Air Force","1565 AF Pentagon811 FSS/FSHRoom 5C1049Washington, DC 20330","703-693-9460703-693-1241",
"Arnold AFB","502 W Van MatreBldg 205Eglin, AFB, FL 32542","850-882-9060View the DOD DSN number312-872-9060","http://www.arnold.af.mil"
"Eglin AFB","Military & Family Readiness Center96 FSS/FSH502 W Van Matre Ave. Bldg 205Suite 1 Bldg 205Eglin AFB, FL 32542","850-882-9060850-882-9061850-882-9669View the DOD DSN number312-872-9060View the DOD DSN FAX number312-872-9669","http://www.eglin.af.mil"
"Hurlburt Field","220 Lukasik AvenueBuilding 90213Hurlburt Field, FL 32544-5272","850-884-5441312-579-5441","http://www.hurlburt.af.mil/"
"MacDill AFB","6801 S. Dale Mabry HwyMacDill AFB, FL 33621- 5313","813-828-1110View the DOD DSN number312-968-1110","http://www.macdill.af.mil/"
"Naval Air Station Jacksonville","6801 Roosevelt AveNaval Air StationJacksonville, FL 32212","904-542-2338904-542-2339904-542-1669View the DOD DSN number312-942-2338View the DOD DSN FAX number312-942-1669","https://www.cnic.navy.mil/jacksonville/index.htm"
"Naval Air Station Key West","804 Sigsbee RoadBldg. V4058, Sigsbee ParkKey West, FL 33040 9037","305-293-4408305-293-4415View the DOD DSN number312-483-4408View the DOD DSN FAX number312-483-4415","https://www.cnic.navy.mil/keywest"
"Naval Air Station Pensacola","151 Ellyson AvenueBuilding 625NAS Pensacola, FL 32508","850-452-5990850-452-5131View the DOD DSN number312-459-5990View the DOD DSN FAX number312-459-5131","http://www.facebook.com/FFSCPensacola/"
"Naval Air Station Whiting Field","7550 USS Essex St.Milton, FL 32570-6013","850-623-7084850-623-7341850-623-7921","https://www.cnic.navy.mil/whitingfield/index.htm"
"Naval Station Mayport","Massey AvenueBuilding 1Mayport, FL 32228","904-270-5401904-270-5402View the DOD DSN number312-270-5401","https://www.cnic.navy.mil/regions/cnrse/installations/ns_mayport.html"
"Naval Support Activity Orlando","12201 Science DriveOrlando, FL 32826","407-380-4444407-381-8744View the DOD DSN number312-960-4444","https://www.cnic.navy.mil/Orlando/index.htm"
"Naval Support Activity Panama City","101 Vernon AvenuePanama City, FL 32407-7018","850-234-4011850-234-4522View the DOD DSN number312-436-4011View the DOD DSN FAX number312-436-4522","https://www.cnic.navy.mil/panamacity/index.htm"
"Patrick SFB","Space Launch Delta 451201 Edward H. White St.Bldg. 423Patrick SFB, FL 32925-3439","321-494-1110321-494-4315View the DOD DSN number312-854-1110","http://www.patrick.spaceforce.mil"
"Tyndall AFB","445 Suwannee RoadBuilding 662Tyndall AFB, FL 32403","850-283-2400850-283-2402View the DOD DSN number312-523-2400","http://www.tyndall.af.mil/"
"USAREC, Jacksonville Battalion","7910 Baymeadows WaySuite 100Jacksonville, FL 32256","321-604-7692904-636-9300","http://www.usarec.army.mil/2ndbde/3ebn/"
"USAREC, Tampa Battalion","3350 Buschwood Park DriveSuite 140Tampa, FL 33618-4312","813-935-3398813-915-8417813-935-5365813-935-7556View the number813-935-3974","http://www.usarec.army.mil/2ndbde/3nbn/"
"125 FW","14300 Fang Drive Bldg 55, Room 142Jacksonville, FL 32218","904-741-7027","https://www.125fw.ang.af.mil/"
"Fort Eisenhower","Darling Hall307 Chamberlain AvenueBuilding 33720Fort Eisenhower, GA 30905","706-791-0110",
"Fort Moore","7117 Baltzell AvenueBuilding 7Fort Moore, GA 31905","706-545-4043706-545-7517706-545-2545View the DOD DSN number312-835-4043View the DOD DSN FAX number312-835-2545","https://benning.armymwr.com/programs/army-community-services"
"Fort Stewart","General Stewart Way & Memorial DrHinesville, GA 31313","912-767-1411","http://home.army.mil/stewart/index.php"
"Hunter Army Airfield","685 Horace Emmet Wilson BoulevardBuilding 1201Hunter Army Airfield, GA 31409","912-315-6816912-315-2601","https://home.army.mil/stewart/index.php/about/Garrison/hunter-army-airfield"
"Marine Corps Logistics Base - Albany","814 Radford BoulevardSuite 20311Albany, GA 31704","229-639-5000229-639-5206","https://www.albany.marines.mil/"
"Moody AFB","5090 Gardner StreetSuite 116Moody AFB, GA 31699-1507","229-257-3395229-257-4146","http://www.moody.af.mil/"
"Naval Submarine Base Kings Bay","1063 USS Tennessee AvenueKings Bay, GA 31547","912-573-2020912-573-2195View the DOD DSN number312-573-2020","https://www.cnic.navy.mil/regions/cnrse/installations/navsubbase_kings_bay.html"
"Robins AFB","Hwy 247 & Watson BlvdRobins AFB, GA 31098","478-926-1256478-926-2361312-468-1256312-468-2361View the number478-926-1001View the DOD DSN number312-468-1001","http://www.robins.af.mil"
"US Army Cadet Command 6th Brigade","6th Brigade Headquarters246 Blanton RoadBuilding 1031Hunter Army  Airfield, GA 31409","912-315-6889912-315-2601View the DOD DSN number312-729-4613","http://www.cadetcommand.army.mil/brigades.aspx"
"USAREC, Atlanta Battalion","1995 North Park Place, Suite 150Atlanta, GA 30339","770-951-0898770-850-8762770-817-3152770-951-1594","http://www.usarec.army.mil/2ndbde/3abn/"
"116 ACW","540 East Dr Bldg 2094ROBINS AFB, GA 31098","478-201-4309","https://www.116acw.ang.af.mil/"
"165 AW","1401 Robert B. Miller Jr. Dr.Garden City, GA 31408-9001","912-966-8109","https://www.165aw.ang.af.mil/"
"Mountain Home AFB","575 Gunfighter AvenueBuilding 180366 FSS/FSFRMountain Home AFB, ID 83648-5237","208-828-2458208-828-2957View the DOD DSN number312-728-2458View the DOD DSN FAX number312-728-2957","http://www.mountainhome.af.mil/"
"Naval Station Great Lakes","2601 E. Paul Jones StreetGreat Lakes, IL 60088-2845","847-688-3500847-688-3970","https://www.cnic.navy.mil/greatlakes/index.htm"
"Rock Island Arsenal","390 Rodman AvenueRock Island, IL 61299","309-782-6001309-782-0817View the DOD DSN number312-793-6001View the DOD DSN FAX number312-793-0817","https://rockisland.armymwr.com/programs/army-community-service"
"Scott Air Force Base","404 W. Martin Street375 FSS/FSHBuilding 1650Scott AFB, IL 62225-5359","618-256-8668View the DOD DSN number312-576-8668","http://www.scott.af.mil/"
"US Army Cadet Command 3rd Brigade","3rd Brigade Headquarters2730 Sampson StreetBldg 73Great Lakes, IL 60088-2845","502-624-7226502-624-6239","https://www.cnic.navy.mil/greatlakes/index.htm"
"USAREC, Chicago Battalion","3202 Mississippi Street, Bldg 3215Great Lakes, IL 60088","800-790-0963224-538-3513224-538-3545","http://www.usarec.army.mil/3rdbde/5abn/"
"126 ARW","126 Air Guard WayBldg 5000, Rm 117Scott AFB, IL 62225-5503","618-222-5761","https://www.126arw.ang.af.mil/"
"182 AW","2416 S Falcon BlvdBldg 628Peoria, IL 61607","309-633-5210","https://www.182aw.ang.af.mil/"
"183 Wing","3101 J David Jones PkwySpringfield, IL 62707-5001","217-757-1267","https://www.183wg.ang.af.mil/"
"Naval Support Activity Crane","NSA Crane300 Highway 361Crane, IN 47522","812-854-1213812-864-3524312-482-3524","https://www.cnic.navy.mil/regions/cnrma/installations/nsa_crane.html?fbclid=IwAR0_6tyqCet_Q8IBVup2164Q6mPvFXf9q6j48uAEbzeiia25wAbdYBEVthw"
"USAREC, Indianapolis Battalion","9152 Kent AvenueRoom 112Indianapolis, IN 46216","800-790-0963317-499-7316317-608-4409317-549-1780","http://www.usarec.army.mil/3rdbde/5hbn"
"122 FW","3005 West Ferguson Rd.Fort Wayne, IN 46809-3158","260-478-3700","https://www.122fw.ang.af.mil/"
"132 WG","3100 McKinley AveDes Moines, IA 50321-2799","515-261-8290","https://www.132dwing.ang.af.mil/"
"185ARW","2920 Headquarters AveSioux City, IA 51111-1300","712-233-0809","https://www.185arw.ang.af.mil/"
"Fort Leavenworth","600 Thomas Ave.Fort Leavenworth, KS 66027-2303","913-684-2800913-684-2859View the DOD DSN number312-552-2800View the DOD DSN FAX number312-552-2859","https://leavenworth.armymwr.com/"
"Fort Riley","500 Holbrook AveGarrison HQFort Riley, KS 66442","785-239-3033View the DOD DSN number312-856-3033","https://home.army.mil/riley/"
"McConnell AFB","52802 Kansas StreetMcConnell AFB, KS 67221-3606","316-759-6100View the DOD DSN number312-743-6100","http://www.McConnell.af.mil"
"184 IW","52955 SW Jayhawk DrBldg 65, Rm 115McConnell Air Force Base, KS 67221","316-759-7424","https://www.184iw.ang.af.mil/"
"190 ARW","5920 SE Coyote DriveTopeka, KS 66619-5370","785-861-4363","https://www.190arw.ang.af.mil/"
"Fort Campbell","1501 William C. Lee Rd (inside gate 1)Fort Campbell, KY 42223","270-798-9322312-635-9322270-956-2935312-363-2935","https://home.army.mil/campbell/index.php/acs"
"Fort Knox","411 Eisenhower AvenueBuilding 1477Fort Knox, KY 40121","502-624-8391502-624-6291502-624-8278","https://www.knox.army.mil"
"US Army Cadet Command 1st Brigade","75 Alsace StreetBldg 5933Fort Knox, KY 40121-3031","502-624-7226502-624-6239","http://www.knox.army.mil/"
"US Army Cadet Command 7th Brigade","328 3rd AvenueBuilding 1468Fort Knox, KY 40121","502-624-1753502-624-6223View the DOD DSN number312-464-1753View the DOD DSN FAX number312-464-6223","http://www.knox.army.mil/"
"US Army Cadet Command Headquarters","204 1st Cavalry Regiment RoadBuilidng 1002Fort Knox, KY 40121-5205","502-624-6291502-624-6223View the DOD DSN number312-464-6291View the DOD DSN FAX number312-464-6223","http://www.knox.army.mil/"
"USAREC, 3rd Medical Recruiting Battalion","328 Third Avenue, Bldg 1468Fort Knox, KY 40121","502-626-0866502-626-1447","http://www.usarec.army.mil/mrb/9cbn/index.shtml"
"USAREC, Columbus Battalion","US Army Recruiting Battalion Columbus401 North Yearling RoadBuilding 11, Section 10Columbus, OH 43213","614-405-8220614-693-2943",
"123 AW","1101 Grade LnLouisville, KY 40213-2678","502-413-4400","https://www.123aw.ang.af.mil/"
"Barksdale Air Force Base","801 Kenney Ave.Suite 1400Barksdale AFB, LA 71110-2426","318-456-8400318-456-8031View the DOD DSN number312-781-8400View the DOD DSN FAX number312-781-8031","http://www.barksdale.af.mil/"
"Fort Johnson","Louisiana Ave.Bldg. 5903Fort Johnson, LA 71459-5342","337-531-0380View the DOD DSN number312-863-0380",
"Naval Air Station Joint Reserve Base New Orleans","400 Russell Avenue BLDG 555Belle Chasse, LA 70037","504-678-7569504-678-9024View the DOD DSN number312-678-7569View the DOD DSN FAX number312-678-9024","https://www.cnic.navy.mil/jrborleans/index.htm"
"USAREC, Baton Rouge Battalion","10101 Park Rowe Avenue, Suite 575Baton Rouge, LA 70810","225-767-3079800-790-09631-225-955-2177","http://www.usarec.army.mil/2ndbde/3tbn"
"159 FW","400 Russell Ave, NASJRBBuilding 24 Room 159Belle Chase, LA 70143","504-391-8347","https://www.159fw.ang.af.mil/"
"Portsmouth Naval Shipyard","2 Wentworth StreetVisitor Control CenterPortsmouth Naval ShipyardKittery, ME 03904","207-438-2235207-438-2669View the DOD DSN number312-684-2235View the DOD DSN FAX number312-684-2669","https://cnic.navy.mil/regions/cnrma/installations/portsmouth_ns.html"
"USAREC, New England Battalion","New England Army RecruitingBLDG 395 Parker AvePNSYKittery, ME 03904","207-438-8503207-438-8501207-438-8514207-438-8596View the number207-801-8290","http://www.usarec.army.mil/1stbde/1dbn/"
"101 ARW","103 Maineiac Av, Ste 505Bangor, ME 04401","207-404-7373","https://www.101arw.ang.af.mil/"
"Aberdeen Proving Ground","6836 Civil RdAberdeen Proving Ground, MD 21005","410-278-1147410-278-2330View the DOD DSN number312-298-7572View the DOD DSN FAX number312-278-9685","https://aberdeen.armymwr.com/programs/army-community-service"
"Fort Detrick","1520 Freedman DriveRoom 125Fort Detrick, MD 21702","301-619-2197301-619-6288View the DOD DSN number312-343-2197View the DOD DSN FAX number312-343-6288","http://www.detrick.army.mil/"
"Fort George G. Meade","830 Chisholm AvenueFort Meade, MD 20755","301-677-5590301-677-2910View the DOD DSN number312-622-5590View the DOD DSN FAX number312-622-2910","http://www.ftmeade.army.mil"
"Fort George G. Meade - Navy","Building 9805Emory RoadFort Meade, MD 20755","301-677-0217443-634-1424View the DOD DSN number312-622-0217","https://www.navifor.usff.navy.mil/cwg6/"
"Joint Base Andrews-Naval Air Facility Washington","1191 Menoher DriveAndrews AFB, MD 20762-6421","301-981-7087View the DOD DSN number312-858-7087",
"Naval Air Station Patuxent River","22268 Cedar Point RoadBldg. 409NAS Patuxent River, MD 20670-1132","301-342-3000301-342-4911","https://www.cnic.navy.mil/Patuxent/index.htm"
"Naval Support Activity Annapolis  - U.S. Naval Academy","58 Bennion RdNSA Annapolis HeadquartersAnnapolis, MD 21402","410-293-1000View the DOD DSN number312-281-1000","http://www.usna.edu/"
"Naval Support Activity Bethesda Home of Walter Reed National Military Medical Center","102 Wood RdBethesda, MD 20814","301-295-4607","https://www.cnic.navy.mil/regions/ndw/installations/nsa_bethesda.html"
"Naval Support Activity South Potomac (NSF Indian Head)","3838 Strauss AvenueIndian Head, MD 20640","301-744-4379301-744-4311","https://ndw.cnic.navy.mil/Installations/NSA-South-Potomac/"
"USAREC, 1st Medical Recruiting Battalion","4550 Parade Field LaneSuite 5502Fort Meade, MD 20755","301-677-7447301-677-7447","http://www.usarec.army.mil/mrb/9abn/"
"USAREC, Baltimore Battalion","4550 Parade Field Lane, 2nd Floor, Suite 5390Fort Meade, MD 20755","301-677-7001301-677-7095",
"113 WG","3252 Perimeter RoadJoint Base Andrews, MD 20762-5011","240-857-4867","https://www.113wg.ang.af.mil/"
"175 WG","2701 Eastern BlvdBaltimore, MD 21220","410-918-6297","https://www.175wg.ang.af.mil/"
"Hanscom AFB","10 Kirtland StreetBuilding 1240Hanscom AFB, MA 01731","781-225-2765781-225-3901View the DOD DSN number312-845-2765View the DOD DSN FAX number312-845-3901",
"Natick Soldier Systems Center (NSSC)","US Army Garrison-Natick10 General Greene AvenueNatick, MA 01760","508-206-4023508-206-4025","https://www.army.mil/info/organization/natick/"
"Westover ARB","975 Patriot Av Bldg 1850Westover Air Reserve BaseChicopee, MA 01022","413-557-3588","http://www.westover.afrc.af.mil/"
"104 FW","175 Falcon DriveWestfield, MA 01085-1482","413-568-9151","https://www.104fw.ang.af.mil/"
"Hart-Dole-Inouye Federal Center","74 Washington Avenue NorthBattle Creek, MI 49037-3084","269-961-4000888-352-9333View the DOD DSN number312-661-4000","http://gsa.gov/about-us/regions/welcome-to-the-great-lakes-region-5/buildings-and-facilities/michigan/hartdoleinouye-federal-center"
"USAG Detroit Arsenal","6501 E. 11 Mile RoadWarren, MI 48397-5000","586-282-0489586-282-7631View the DOD DSN number312-786-0489",
"110 ATKW","3571 Mustang AveBattle Creek, MI 49037-5509","269-969-3216","https://www.110atkw.ang.af.mil/"
"127WG","29553 George AveSELFRIDGE, MI 48045","586-239-5576","https://www.127wg.ang.af.mil/"
"USAREC, Minneapolis Battalion","Minneapolis Recruiting Battalion1 Federal DriveSte. 2916Fort Snelling, MN 55111","612-725-3117612-725-3116",
"133 AW","631 Minuteman DriveSt. Paul , MN 55111-4100","612-713-2410","https://www.133aw.ang.af.mil/"
"148 FW","4680 Viper StDuluth, MN 55811-6031","218-788-7210","https://www.148fw.ang.af.mil/"
"Columbus AFB","Military and Family Readiness Center166 C CircleBuilding 1114Columbus AFB, MS 39710-7901","662-434-2790662-434-2483View the DOD DSN number312-742-2790View the DOD DSN FAX number312-742-2483","https://www.columbus.af.mil/"
"Keesler AFB","500 Fisher St. RM110Keesler AFB, MS 39534-2554","228-376-8728228-377-3063View the DOD DSN number312-591-8728View the DOD DSN FAX number312-597-3063","http://www.keesler.af.mil"
"Naval Air Station Meridian","255 Rosenbaum AvenueNaval Air StationMeridian, MS 39309","601-679-2181601-679-2447601-695-7055601-679-2211","https://www.cnic.navy.mil/Meridian/index.htm"
"Naval Construction Battalion Center Gulfport","4902 Marvin Shields BlvdGulfport, MS 39501","228-871-2555228-871-3610View the DOD DSN number312-868-3000View the DOD DSN FAX number312-868-3610","https://www.cnic.navy.mil/gulfport"
"Stennis Space Center","1100 Stennis Space CtrStennis Space Center, MS 39529","228-813-4070","http://www.nasa.gov/centers/stennis/about/stennis/index.html"
"172 AW","141 Military Drive AW 47Jackson, MS 39232","601-405-8311","https://www.172aw.ang.af.mil/"
"186 ARW","6225 M StreetMeridian, MS 39305","601-484-9000","https://www.186arw.ang.af.mil/"
"Fort Leonard Wood","Replacement AvenueRelocation Readiness Rm 118Building 486Fort Leonard Wood, MO 65473-8935","573-596-0212573-596-0551View the DOD DSN number312-581-0212","http://www.wood.army.mil/"
"USAREC, Kansas City Battalion","10300 NW Prairie View RoadKansas City, MO 64153-1350","800-790-0963816-891-8744","https://recruiting.army.mil/5thbde/4gbn"
"Whiteman AFB","750 Arnold AveWhiteman AFB, MO 65305","660-687-7132660-687-1053View the DOD DSN number312-975-7132View the DOD DSN FAX number312-975-1053","http://www.whiteman.af.mil/"
"131 BW","36 Sherman RdSt Louis, MO 63125","660-687-7420","https://www.131bw.ang.af.mil/"
"139 AW","705 Memorial DriveSaint Joseph, MO 64503-9307","816-236-3300","https://www.139aw.ang.af.mil/"
"Malmstrom Air Force Base","312 73rd St NBldg 1191Malmstrom AFB, MT 59402-7511","406-731-1110406-731-2406View the DOD DSN number312-632-1110View the DOD DSN FAX number312-632-2406","http://www.malmstrom.af.mil"
"120 AW","2800 Airport Ave BGreat Falls, MT 59405","406-791-0159","https://www.120thairliftwing.ang.af.mil/"
"Offutt AFB","Offutt Visitor Control CenterSAC GateBldg 478 Butler BoulevardOffutt AFB, NE 68113","402-294-7551View the DOD DSN number312-271-7551","http://www.offutt.af.mil"
"Naval Air Station Fallon","4755 Pasture RoadFallon, NV 89496-5000","775-426-2710","https://www.cnic.navy.mil/fallon/index.htm"
"USAREC, 6th Medical Recruiting Battalion","3320 Pepper LaneLas Vegas, NV 89120","702-878-9842",
"152 AW","1776 National Guard WayRENO, NV 89502-4494","775-788-4585","https://www.152aw.ang.af.mil/"
"157 ARW","302 Newmarket StPease ANGB, NH 03803-0157","603-430-3577","https://www.157arw.ang.af.mil/"
"Joint Base McGuire-Dix-Lakehurst","3021 McGuire Blvd.McGuire AFB, NJ 08641","609-754-3628609-562-6604","http://www.jointbasemdl.af.mil/"
"Naval Weapons Station Earle","201 Hwy 34Colts Neck, NJ 07722-5001","732-866-2000732-866-1254View the DOD DSN number312-449-2000View the DOD DSN FAX number312-449-1254","https://www.cnic.navy.mil/earle/index.htm"
"Picatinny Arsenal","Building 3225Picatinny Arsenal, NJ 07806","973-724-7247973-724-2614View the DOD DSN number312-880-7247View the DOD DSN FAX number312-880-2614","http://www.pica.army.mil"
"US Army Cadet Command 2nd Brigade","2nd Brigade Headquarters5212 Maryland AvenueJoint Base McGuire Dix Lakehurst, NJ 08641","502-624-7226502-624-6239","http://www.gomdl.com"
"USAREC, Mid-Atlantic Battalion","Naval Air Engineering StationBuilding 688, Highway 547Lakehurst, NJ 08733","732-323-5000732-323-7083","http://www.usarec.army.mil/1stbde/1kbn/"
"108 WG","3327 Charles BlvdJBMDL, NJ 08641","609-754-4173","https://www.108thwing.ang.af.mil/"
"177 FW","400 Langley RoadEGG HARBOR TOWNSHIP, NJ 08234-9500","609-761-6259","https://www.177fw.ang.af.mil/"
"Cannon AFB","Building 2320502 S. Aderholt LoopCannon AFB, NM 88103","575-784-4228312-681-4228575-784-2686View the DOD DSN FAX number312-681-2686","https://www.cannon.af.mil/"
"Holloman AFB","Main Gate750 First StreetOff of Hwy 70 WestHolloman AFB, NM 88330","575-572-7397","http://www.holloman.af.mil/"
"Kirtland Air Force Base","1451 4th Street SEConsolidated Support CenterBuilding 20245Kirtland AFB, NM 87117","505-846-0741505-846-0751505-846-9889312-246-0741View the DOD DSN number312-246-0751View the DOD DSN FAX number312-246-9889","http://www.kirtland.af.mil/"
"U.S. Army Garrison White Sands Missile Range","Welcome CenterBuilding # 329Owen RoadWhite Sands Missile Range, NM 88002","575-678-1099",
"150 SOW","2251 Air Guard Road SEAlbuquerque, NM 87117-5875","505-846-7516","https://www.150sow.ang.af.mil/"
"Fort Drum","Army Community Service/Family Resource Center11042 Mt. Belvedere Blvd.Building P-1780Fort Drum, NY 13602","315-772-6556315-772-6557315-772-6965View the DOD DSN number312-772-6556View the DOD DSN FAX number312-772-6965","http://www.drum.army.mil/"
"Fort Hamilton","Fort Hamilton ParkwayBrooklyn, NY 11209","718-630-4754718-630-4848718-630-4895View the DOD DSN number312-232-4848","http://www.hamilton.army.mil/"
"Naval Support Activity Saratoga Springs","19 J. F. King DriveSaratoga Springs, NY 12866-9267","518-886-0200518-886-0121","https://www.cnic.navy.mil/Saratoga/index.htm"
"United States Military Academy at West Point","622 Swift RoadWest Point, NY 10996-1985","845-938-2638View the DOD DSN number312-688-2638","http://www.westpoint.army.mil/default.aspx"
"USAREC, Albany Battalion","Watervliet Arsenal1 Buffington StreetBuilding 25, 3rd FloorWatervliet, NY 12189","518-266-7420",
"USAREC, New York City Battalion","US Army Recruiting Battalion – New York City212 John Warren AvenueSTE 101Brooklyn, NY 11252-7000","718-630-4008718-630-4372","https://recruiting.army.mil/1stbde/1gbn/"
"USAREC, Syracuse Battalion","The Atrium, 2 Clinton Sq. Suite 230Syracuse, NY 13202","315-800-9344315-800-9344315-471-3499",
"105 AW","One Maguire WayNewburgh, NY 12550-5042","845-563-2031","https://www.105aw.ang.af.mil/"
"106 RQW","150 Old Riverhead RdWesthampton Beach, NY 11978-1201","631-723-7470","https://www.106rqw.ang.af.mil/"
"107 ATKW","9910 Blewett AvenueNIAGARA FALLS, NY 14304-6001","716-236-3411","https://www.107attackwing.ang.af.mil/"
"109AW","1 Air National Guard RoadScotia, NY 12302-9752","518-344-2423","https://www.109aw.ang.af.mil/"
"174 ATKW","6001 E Molloy RoadSyracuse, NY 13211-7099","315-233-2651","https://www.174attackwing.ang.af.mil/"
"Camp Lejeune","Bldg 780 Brewster BlvdMCCS Information & ReferralCamp Lejeune, NC 28547-2519","910-451-4101View the DOD DSN number312-751-4101","https://lejeunenewriver.usmc-mccs.org/marine-family-support/military-family-life/information-referral"
"Fort Liberty","Soldier Support CenterBuilding 4-2843 Normandy StreetFort Liberty, NC 28310","910-396-8683910-396-8682910-396-8401View the DOD DSN number312-236-8683View the DOD DSN FAX number312-236-8401","http://www.bragg.army.mil"
"MCAS Cherry Point","Postal Service Center Box 8003Marine Corps Air Station, NC 28533","252-466-2811252-466-6759View the DOD DSN number312-582-4201View the DOD DSN FAX number312-582-6759","https://www.cherrypoint.marines.mil/"
"MCAS New River","PSC Box 21002Jacksonville, NC 28545","910-449-5655910-449-5119View the DOD DSN number312-752-6196View the DOD DSN FAX number312-752-5882","https://www.newriver.marines.mil/public-affairs/"
"US Army Cadet Command 4th Brigade","4th Brigade Headquarters2175 Reilly RoadStop A, Building 3752Fort Bragg, NC 28310","910-396-5616","http://www.bragg.army.mil"
"USAREC, Raleigh Battalion","3117 Poplarwood CourtSuite 218Raleigh, NC 27604","919-872-3329919-954-1375","http://www.usarec.army.mil/2ndbde/3jbn"
"145 AW","4930 Minuteman WayCharlotte, NC 20208-3866","704-391-4100","https://www.145aw.ang.af.mil/"
"Grand Forks AFB","226 Steen BlvdBldg. 812Grand Forks AFB, ND 58205","701-747-5070701-747-4283701-747-5351312-362-5351View the DOD DSN number312-362-5070","http://www.grandforks.af.mil/"
"Minot AFB","196 Missile AvenueMinot AFB, ND 58705-5003","701-723-4066View the DOD DSN number312-453-4066","http://www.minot.af.mil/"
"119 WG","1400 32d Ave NorthFargo, ND 58102","701-451-2259","https://www.119wg.ang.af.mil/"
"Defense Supply Center Columbus","3990 E. Broad St.Columbus, OH 43213","614-692-7217View the DOD DSN number312-850-7217","http://www.dla.mil/LandandMaritime/"
"USAREC, Cleveland Battalion","US Army Recruiting Battalion ClevelandUS Bank Centre1350 Euclid Avenue, Suite 1000Cleveland, OH 44115","216-802-1407502-528-4606216-802-0255","http://www.usarec.army.mil/hq/HRD/SFA/index.htm"
"USAREC, Columbus Battalion","US Army Recruiting Battalion Columbus401 North Yearling RoadBuilding 11, Section 10Columbus, OH 43213","614-405-8220614-693-2943",
"Wright-Patterson AFB","2000 Allbrook DriveArea A, Building 288 FSS/FSFRWright-Patterson AFB, OH 45433-5315","937-257-1110312-787-1110","http://www.wpafb.af.mil/"
"121ARW","7370 Minuteman WayColumbus, OH 43217-5875","614-492-3269","https://www.121arw.ang.af.mil/"
"179th AW","1947 Harrington Memorial RoadMansfield, OH 44903-0179","419-520-6420","https://www.179aw.ang.af.mil/"
"180 FW","2660 S Eber RoadSwanton, OH 43558-9645","419-868-4269","https://www.180fw.ang.af.mil/"
"Altus AFB","510 N 6th St, Altus, OK 73523Altus AFB, OK 73523-5000","580-481-5110","http://www.altus.af.mil/"
"Fort Sill","B4700 Mow-Way RoadFort Sill, OK 73503-5100","580-442-3217580-442-7827View the DOD DSN number312-639-2360View the DOD DSN FAX number312-639-7827","http://sill-www.army.mil/"
"McAlester Army Ammunition Plant","1 C Tree RoadMcAlester, OK 74501-9002","918-420-6271","http://www.mcaap.army.mil"
"Tinker AFB","6001 Arnold St.Military & Family Readiness CenterTinker AFB, OK 73145-9011","405-739-2747View the DOD DSN number312-339-2747View the DOD DSN FAX number312-339-7250",
"USAREC, Oklahoma City Battalion","301 NW 6th Street, Suite 218Oklahoma City, OK 73102","800-790-0963","http://www.usarec.army.mil/5thbde/4jbn/"
"Vance AFB","200 Fields StreetEnid, OK 73705","580-213-5000580-213-7204312-448-7204","http://www.vance.af.mil/"
"137 SOW","5624 Air Guard DrOklahoma City, OK 73179-9004","405-686-5227","https://www.137sow.ang.af.mil/"
"138 FW","9100 East 46th Street NorthTulsa, OK 74115-1000","918-833-7208","https://www.138fw.ang.af.mil/"
"USAREC, Portland Battalion","1220 SW 3rd AveSuite 560Portland, OR 97204","503-256-1431503-256-2572","http://www.usarec.army.mil/6thbde/6hbn/"
"142 FW","6801 NE Cornfoot RoadPortland, OR 97218-2797","503-335-4104","https://www.142fw.ang.af.mil/"
"173 FW","211 Arnold AveKlamath Falls, OR 97603-1925","541-885-6677","https://www.173fw.ang.af.mil/"
"Carlisle Barracks","Ashburn GateU.S. Route 11 GateAsburn DriveCarlisle, PA 17013","717-245-4357717-245-4679View the DOD DSN number312-242-4357View the DOD DSN FAX number312-242-4679",
"Naval Support Activity Mechanicsburg","5450 Carlisle PikeMechanicsburg, PA 17050","717-605-2000717-605-2448","https://www.cnic.navy.mil/regions/cnrma/installations/nsa_mechanicsburg.html"
"Naval Support Activity Philadelphia","700 Robbins StPhiladelphia, PA 19111","215-697-2000215-439-8575","https://www.cnic.navy.mil/regions/cnrma/installations/nsa_philadelphia.html"
"Tobyhanna Army Depot","11 Hap Arnold BlvdTobyhanna, PA 18466","877-275-8629570-615-8629570-615-7868View the DOD DSN number312-795-8629View the DOD DSN FAX number312-795-7868","http://www.tobyhanna.army.mil"
"USAREC, Harrisburg Battalion","54 M Avenue Suite 11Harrisburg, PA 17070","717-614-2203800-790-0963717-727-4080717-614-2238","http://recruiting.army.mil/1stbde/1ebn/"
"171ARW","300 Tanker RoadCopraopolis, PA 15108-4201","412-776-7350","https://www.171arw.ang.af.mil/"
"193 SOW","67 Hercules WayMiddletown, PA 17057-5086","717-948-2311","https://www.193sow.ang.af.mil/"
"Naval Station Newport","1260 Peary StNewport, RI 02841-1629","401-841-2283401-841-1586View the DOD DSN number312-841-2283View the DOD DSN FAX number312-841-1586","https://www.cnic.navy.mil/Newport/index.htm"
"143 AW","1 Hercules DriveNorth Kingstown, RI 02852","401-267-3229","https://www.143aw.ang.af.mil/"
"Fort Jackson","9810 Lee RoadFort Jackson, SC 29207","803-751-5256803-751-5524View the DOD DSN number312-734-5256View the DOD DSN FAX number312-734-5524","https://home.army.mil/jackson/"
"Joint Base Charleston","104 E. Simpson StreetBuilding 500Joint Base Charleston, SC 29404","843-963-4406312-673-4406843-963-5781312-673-5781","http://jbcmfr.com"
"MCAS Beaufort","Geiger BoulevardBeaufort, SC 29904","843-228-7201843-228-7298843-228-7203843-228-6123View the DOD DSN number312-335-7121","http://www.beaufort.marines.mil"
"Shaw Air Force Base","524 Stuart AvenueShaw AFB, SC 29152-5024","803-895-1110803-895-4748","https://www.shaw.af.mil/"
"USAREC, Columbia Recruiting Battalion","2340 Magruder AvenueFort Jackson, SC 29207","803-751-0980803-751-0918","http://www.usarec.army.mil/2ndbde/3dbn/"
"169 FW","1325 South Carolina Rd McEntire JNGB, SC 29044-5028","803-647-8208","https://www.169fw.ang.af.mil/"
"Ellsworth Air Force Base","2650 Spaatz DriveEllsworth AFB, SD 57706","605-385-1000View the DOD DSN number312-675-6229","http://www.ellsworth.af.mil"
"114 FW","1201 W Algonquin StSioux Falls, SD 57104-0264","605-988-5946","https://www.114fw.ang.af.mil/"
"Naval Support Activity Mid-South","5722 Integrity DriveBLDG S455Millington, TN 38054-5045","901-874-5102901-874-5649View the DOD DSN number312-882-5111View the DOD DSN FAX number312-882-5555","https://www.cnic.navy.mil/midsouth/index.htm"
"USAREC, Nashville Battalion","2517 Perimeter Place DriveNashville, TN 37214-3671","615-871-4046615-232-7365",
"118th WG","240 Knapp BlvdNashville, TN 37217-2556","615-660-8060","https://www.118wg.ang.af.mil/"
"134ARW","92 Briscoe DrLouisville, TN 37777-6200","865-336-3205","https://www.134arw.ang.af.mil/"
"164 AW","4593 Swinnea RoadMEMPHIS, TN 38118-7101","901-291-7332","https://www.164aw.ang.af.mil/"
"Dyess AFB","Arnold Boulevard and Hartford Avenue349 3rd Street#6142Abilene, TX 79607","325-696-1921View the DOD DSN number312-461-1110","http://www.dyess.af.mil"
"Fort Bliss","Buffalo SoldierBuilding 5400 Buffalo SoldierFort Bliss, TX 79916","915-568-3215312-978-3215","https://home.army.mil/bliss/index.php/my-fort/all-services/gate-information"
"Fort Cavazos","Bldg. 36000, Shoemaker Lane2nd FloorFort Cavazos, TX 76544","254-287-4227254-287-2219View the DOD DSN number312-737-4227","https://hood.armymwr.com/programs/army-community-service"
"Goodfellow AFB","171 Valiant Street Building 145GAFB, TX 76908-4402","325-654-3893325-654-5453View the DOD DSN number312-477-3893View the DOD DSN FAX number312-477-5453","https://www.goodfellow.af.mil/Home/Airman-and-Family-Readiness-Center/"
"Laughlin AFB","Official Mail Center (OMC)140 Alabama AveLaughlin AFB, TX 78843","830-298-4310312-732-4310",
"Naval Air Station Kingsville","554 McCain StreetBuilding 2740Naval Air Station KingsvilleKingsvilleNaval Air Station Kingsville, TX 78363","361-516-6482361-516-6931View the DOD DSN number312-876-6982View the DOD DSN FAX number312-876-6931",
"Red River Army Depot","100 James Carlow DriveRed River Army DepotBuilding 15Texarkana, TX 75507-5000","903-334-3111903-334-2102903-334-4300View the DOD DSN number312-829-3111View the DOD DSN FAX number312-829-4300","http://www.redriver.army.mil/"
"US Army Cadet Command 5th Brigade","5th Brigade Headquarters1939 Buck Road 2nd FloorJBSA Fort Sam Houston, TX 78234-5095","210-295-2001","http://www.samhouston.army.mil"
"USAREC, 5th Medical Recruiting Battalion","1777 NE Loop 410Suite 510San Antonio, TX 78217","210-338-3482210-295-0506","http://www.usarec.army.mil/mrb/9dbn/family.shtml"
"USAREC, Dallas Battalion","1350 W Walnut Hill Lane, Suite 150Irving, TX 75038","800-790-0963972-714-0561972-786-4363972-714-0695","http://www.usarec.army.mil/5thbde/4cbn/"
"USAREC, Houston Battalion","US Army Recruiting Battalion1919 Smith St, Suite 1529Houston, TX 77002","713-588-4034713-588-4041","http://www.usarec.army.mil/5thbde/4ebn/"
"147 ATKW","14657 Sneider StHouston, TX 77034-5586","281-929-2662","https://www.147atkw.ang.af.mil/"
"149 FW","107 Hensley StJBSA-Lackland, TX 78236-0102","210-925-7772","https://www.149fw.ang.af.mil/"
"Dugway Proving Ground","5220 Doolittle AveDugway, UT 84022","435-831-2260435-831-2831View the DOD DSN number312-789-2260View the DOD DSN FAX number312-789-2831","http://www.dugway.army.mil/Default.aspx"
"Hill AFB","5837 D AvenueBuilding 150Hill AFB, UT 84056-5720","801-777-4681View the DOD DSN number312-777-4681","https://75fss.com/airman-family-readiness-center/"
"USAREC, Salt Lake City Battalion","2830 South Redwood RoadSuite BSalt Lake City, UT 84119","801-974-9515801-974-7917","http://www.usarec.army.mil/6thbde/6jbn/"
"151st ARW","765 North 2200 WestSalt Lake City, UT 84116-2999","801-245-2258","https://www.151arw.ang.af.mil/"
"158 FW","105 NCO DriveSouth Burlington, VT 05403-000","802-660-5379","https://www.158fw.ang.af.mil/"
"Defense Supply Center Richmond","6090 Strathmore RoadRichmond, VA 23237","804-279-3861804-279-4754","http://www.dla.mil/HQ/InstallationSupport/AboutInstallationSupport/Organization/Richmond.aspx"
"DLA McNamara HQC","8725 John J. Kingman Rd.Fort Belvoir, VA 22060-6221","571-767-1899View the DOD DSN number392-767-1899","http://www.dla.mil"
"Fort Belvoir","9800 Belvoir RoadBuilding 200Fort Belvoir, VA 22060-5561","1-866-786-8664703-805-4590703-805-4143View the DOD DSN number312-655-4590View the DOD DSN FAX number312-655-4143","http://www.belvoir.army.mil"
"Fort Gregg-Adams","3212 Adams Avenue, Bldg 12010Fort Gregg-Adams, VA 23801","804-734-7188","https://home.army.mil/lee/index.php/about/Garrison"
"Fort Myer (Joint Base Myer - Henderson Hall)","204 Lee Ave, Fort Myer, VA 22211Bld 59Fort Myer, VA 22211","703-545-6700","https://home.army.mil/jbmhh/index.php/teamJBMHH"
"Henderson Hall (Joint Base Myer - Henderson Hall)","1555 SOUTHGATE RDBldg. 12Arlington, VA 22214-5000","703-614-7200703-693-3841View the DOD DSN number312-224-7200View the DOD DSN FAX number312-223-3841",
"Joint Base Langley-Eustis","11 Nealy AveHampton, VA 23665","757-764-1110757-764-9990View the DOD DSN number312-574-7770","https://www.jble.af.mil"
"Joint Expeditionary Base Little Creek-Fort Story","2600 Tarawa CourtBuilding 1602Quarter Deck (Joint Expeditionary Base Little Creek – Fort Story)Virginia Beach, VA 23459-3297","757-462-7385757-462-7386757-462-7300View the DOD DSN number312-253-7385View the DOD DSN FAX number312-253-7300","http://cnic.navy.mil/jeblcfs/index.htm"
"Marine Corps Base Quantico","3019 Embry LoopMarine Corps BaseQuantico, VA 22134-5001","703-784-2659833-657-2110",
"MCCS Hampton Roads","MCCS Hampton Roads1100 Torgerson AveNorfolk, VA 23515-4693","757-445-1277757-444-6198","http://hamptonroads.usmc-mccs.org"
"Naval Air Station Oceana","1750 Tomcat BoulevardSuite 203Building 230Virginia Beach, VA 23460-2191","757-433-2366757-433-2788View the DOD DSN number314-433-2366","http://cnic.navy.mil/oceana/index.htm"
"Naval Air Station Oceana Dam Neck Annex","559 Tartar AveBuilding 559, OICVirginia Beach, VA 23461","757-492-6299View the DOD DSN number312-444-0000","http://cnic.navy.mil/regions/cnrma/installations/nas_oceana/dam_neck_annex.html"
"Naval Medical Center Portsmouth","620 John Paul Jones CirclePortsmouth, VA 23708","757-953-5008757-953-7801757-421-8770","https://www.navy.mil/sites/nmcp/SitePages/home.aspx"
"Naval Station Norfolk","1530 Gilbert StreetBldg. N 26Norfolk, VA 23511-2722","757-322-2366757-444-0748View the DOD DSN number312-262-2366View the DOD DSN FAX number312-262-0748","https://www.cnic.navy.mil/norfolksta/index.htm"
"Naval Support Activity Hampton Roads","7918 Blandy RoadNorfolk, VA 23551","757-836-1486757-953-7801757-421-8770","https://www.cnic.navy.mil/regions/cnrma/installations/nsa_hampton_roads/ffr/support_services/families/family_support_programs.html"
"Naval Support Activity South Potomac (NSF Dahlgren)","6509 Sampson RoadDahlgren, VA 22448-5108","540-653-8153","http://www.navymwrdahlgren.com/"
"Naval Weapons Station Yorktown","1959 Main StreetYorktown, VA 23691","757-887-4125757-887-7505View the DOD DSN number312-953-4355View the DOD DSN FAX number312-953-7505","https://cnic.navy.mil/yorktown/index.htm"
"Newport News Shipyard","Supervisor of ShipbuildingConversion & Repair, USN4101 Washington Avenue Bldg. 2Newport News, VA 23607-2787","757-688-9288","http://www.navsea.navy.mil/supship/NewportNews/Home.aspx"
"Surface Combat Systems Center Wallops Island","30 Battle Group WayWallops Island, VA 23337-2283","757-824-1692757-824-1980","http://www.navsea.navy.mil/home/scsc/"
"192 FW","159 Sweeney Blvd, Bldg 764Hampton, VA 23665-2213","757-225-3818","https://www.192wg.ang.af.mil/"
"Joint Base Lewis-McChord","2140 Liggett Ave.Waller Hall (Lewis Main)Joint Base Lewis McChord, WA 98433","253-967-7166253-477-3808253-967-3311","https://home.army.mil/lewis-mcchord/index.php/about/Directorates-support-offices/dhr"
"Naval Air Station Whidbey Island","2853 Langley BoulevardOak Harbor, WA 98278-5101","360-257-2271360-257-6289360-257-6434View the DOD DSN number312-820-6289View the DOD DSN FAX number312-820-6434","https://cnrnw.cnic.navy.mil/Installations/NAS-Whidbey-Island/"
"Naval Station Everett","2000 W Marine View DriveEverett, WA 98207","425-304-3366View the DOD DSN number312-727-3260","https://www.cnic.navy.mil/Everett/index.htm"
"US Army Cadet Command 8th Brigade","8th Brigade Headquarters11D24 32nd Division Drive MS 83Joint Base Lewis-McChord, WA 98433","253-967-4976","http://www.lewis-mcchord.army.mil"
"USAREC, Seattle Battalion","4735 E. Marginal Way S.Seattle, WA 98124-3957","206-764-6935","http://www.usarec.army.mil/6thBDE/6LBN"
"141 ARW","5 West Bong StreetFairchild AFB, WA 99011","509-247-7003","https://www.141arw.ang.af.mil/"
"194 WG","109 Engineer Drive Room 220Camp Murray, WA 98430","253-512-3392","https://www.194wg.ang.af.mil/"
"130AW","1679 Coonskin DriveCharleston, WV 25311-5002","304-341-6249","https://www.130aw.ang.af.mil/"
"167 AW","222 Sabre Jet BlvdMartinsburg, WV 25405-7704","304-616-5100","https://www.167aw.ang.af.mil/"
"Fort McCoy","100 East Headquarters RoadFort McCoy, WI 54656","608-388-3545608-388-4992View the DOD DSN number312-280-2359View the DOD DSN FAX number312-280-4992",
"USAREC, Milwaukee Battalion","US Army Recruiting Battalion-Milwaukee11425 W. Lake Park DriveMilwaukee, WI 53224","414-577-2527414-577-2528","https://www.facebook.com/MilwaukeeSFA"
"115FW","3110 Mitchell StMadison, WI 53704-2591","608-245-4395","https://www.115fw.ang.af.mil/"
"F. E. Warren AFB","""Force Support Squadron""7601 Randall Ave, Bldg 215F.E. Warren AFB, WY 82005","307-773-2858View the DOD DSN number312-481-2858",
"153 AW","217 Dell Range BlvdCheyenne, WY 82001","307-772-6424","https://www.153aw.ang.af.mil/"
"Eielson AFB","2631 Wabash AvenueEielson AFB, AK 99702-1720","907-377-2178View the DOD DSN number317-377-2178","http://www.eielson.af.mil/"
"Joint Base Elmendorf - Richardson JBER","General Delivery724 Quartermaster RdRoom 32JBER, AK 99505","907-384-0307View the DOD DSN number317-384-0307",
"USAG Alaska, Greely","Building 661, Arctic AveFort Greely, AK 99731","907-873-3663907-873-3284","https://www.greely.army.mil/"
"168 AW","375 Tanker RoadEielson AFB, AK 99702-1740","907-377-8734","https://www.168wg.ang.af.mil/"
"Ankara","Unit 6940, Box 45APO, AE 09822-0016","+011-90-312-422-7170View the DOD DSN number314-672-7170",
"Canberra","US Embassy Canberra, AustraliaMoonah PlaceYarralumla Australia 2600","315-227-5685","https://www.yokota.af.mil/Units/337th-Air-Support-Flight/"
"Naval Support Activity Bahrain","1 Juffair AvenueBanz Warehouse, Bay 6Manama Bahrain","011-973-17-85-4227011-973-17-85-4210View the DOD DSN number318-439-4227View the DOD DSN FAX number318-439-4210","https://www.cnic.navy.mil/Bahrain/index.htm"
"Kleine Brogel Air Base","701st MUNSSMission Support FlightAPO Belgium","011-003-211-51-9412314-358-9412",
"USAG BENELUX-Brussels","Leuvensesteenweg 131932 St-Stevens-WoluweBelgium 1932","011-32-22-80-9931314-597-9931314-597-9731011-32-22-80-9733","http://www.usagbenelux.eur.army.mil/"
"USAG BENELUX-SHAPE/Chievres","Rue Brialmont, Bldg. 318SHAPE Belgium 7010","011-32-65-75-7365011-32-65-75-7372View the DOD DSN number314-597-7365View the DOD DSN FAX number314-597-7372","https://home.army.mil/benelux/index.php/about/Garrison/directorate-human-resources/army-community-service"
"Naval Station Guantanamo Bay","Building 2144Naval Station Guantanamo Bay Cuba 09593-0001","757-458-4090View the DOD DSN number312-660-4090","https://cnrse.cnic.navy.mil/Installations/NS-Guantanamo-Bay/"
"Ansbach, United States Army Garrison","Bldg. 5843-CBismarck KaserneAnsbach Germany 91522","+011-49-981-183-1500View the DOD DSN number314-468-1500",
"Buechel Air Base","702nd MUNSSMission Support FlightCochem-ZellBuechel Germany 56823","314-456-5205",
"Geilenkirchen NATO Air Base","100 LillienthalalleeAirman and Family Readiness Center470 ABS/DPF, Unit 3485Neuteveren Germany 52511","011-49-2451-9151-2372011-49-2451-409-7276View the DOD DSN number314-458-4015View the DOD DSN FAX number314-458-6012","http://www.spangdahlem.af.mil/Units/470th-Air-Base-Squadron"
"Kalkar - U.S. Air Force Element","Römerstrasse 14447546 KalkarGermany","011-49-6565-61-8765314-452-8765",
"Spangdahlem AB","TriererstrasseSpangdahlem Germany 54529","314-452-7529314-452-1110","http://www.spangdahlem.af.mil"
"USAG Bavaria","Building 500Tower BarracksGettysburg AveGrafenwoehr-Lager Germany 92655","+114-99-6417-0526-0005+114-99-6417-0526-0006View the DOD DSN number314-526-0005View the DOD DSN number314-526-0006","http://www.bavaria.army.mil/"
"USAG Bavaria, Garmisch","Headquarters, U.S. Army Garrison GarmischBreitenauer Str. 16Bldg 203, Artillery KaserneGarmisch-Partenkirchen Germany 82467","314-440-3825+49-8821-750-3825","https://home.army.mil/bavaria"
"USAG Rheinland-Pfalz, Baumholder","Building 8666Smith BarracksBaumholder Germany 55774","061-11-43-531-2850314-531-2850","https://baumholder.armymwr.com/programs/army-community-service-acs"
"USAG Stuttgart","Army Community Service (ACS)Building 2915, 2nd FloorPanzer KaserneStuttgart Germany","+49-9641-70-596-3362View the DOD DSN number314-596-3362View the DOD DSN FAX number314-596-3331","https://home.army.mil/stuttgart"
"USAG Wiesbaden","Wiesbaden Army Community Service22 Mississippi StreetBldg 7790Hainerberg HousingWiesbaden Germany 65189","+049-611-143-548-9201+049-611-143-548-9202314-548-9201314-548-9202View the number+049-611-143-548-9230","http://www.wiesbaden.army.mil"
"Naval Support Activity Souda Bay","American Naval FacilitiesMouzouras VillageAkrotiriMouzouras Greece 73100","+011-30-282-102-1911+011-30-282-102-1223+011-30-282-102-1244314-266-1244","https://cnreurafcent.cnic.navy.mil/Installations/NSA-Souda-Bay/"
"Joint Region Marianas - Andersen AFB","Military & Family Readiness CenterO'Malley Ave., Building 22026Andersen AFBYigo Guam 96543","671-366-8136View the DOD DSN number315-366-8136","http://www.andersen.af.mil"
"Joint Region Marianas - Naval Base Guam","Naval Base Guam, Bldg. 104Santa Rita Guam 96915","671-333-2056671-333-2057671-333-2058671-333-2023View the DOD DSN number315-333-9822View the DOD DSN FAX number315-333-2023","https://www.cnic.navy.mil/Marianas/index.htm"
"Joint Base Pearl Harbor - Hickam","Joint Base Pearl Harbor HickamNaval Base Pearl Harbor850 Ticonderoga StreetBuilding 150JBPHH, HI 96860-5102","808-473-1222808-449-7110808-474-4232View the DOD DSN number315-473-1222View the DOD DSN FAX number315-474-4232","https://www.cnic.navy.mil/pearlharbor/index.htm"
"MCB Hawaii","Marine & Family Programs I&RBuilding 579, Reed RoadMCBH Kaneohe Bay, HI 96863","808-257-7786808-257-8350",
"Schofield Barracks/Fort Shafter","310 Brannon AveBldg 690Wahiawa, HI 96786-3730","808-787-4227View the DOD DSN number315-437-4227",
"Papa Air Base","Papa Air BaseVaszari út 101Pápa Hungary 8500","011-368-988-6030011-36-306-89-8752314-478-6030View the DOD DSN number314-478-4903",
"Ghedi Air Base","704th MUNSSBldg 5249Italy","011-39-0434-30-3477View the DOD DSN number314-632-3477",
"Naval Air Station Sigonella","US Naval Air Station SigonellaStrada Statale 417 Catania - Gela (NAS 2)Strada Statale 192 Km 76, Catania - Enna (NAS 1)Sigonella Italy 95030","011-39-095-56-4291011-39-095-56-4294View the DOD DSN number314-624-4291View the DOD DSN FAX number314-624-4294","https://www.cnic.navy.mil/regions/cnreurafswa/installations/nas_sigonella.html"
"Naval Support Activity Naples Department Gaeta","Lungomare Caboto, Molo S. AntonioGaeta, LT Italy 04024","011-081-568-8302011-081-568-8339View the DOD DSN number314-626-8302View the DOD DSN FAX number314-626-8339","https://www.cnic.navy.mil/regions/cnreurafswa/installations/nsa_naples/about/departments/gaeta_n01g.html"
"USAG Italy","Viale Della Pace 193Caserma Ederle, Bldg. 108Davis Soldier and Family Readiness CenterArmy Community ServiceVicenza Italy 36100","+011-39-044-471-5800View the DOD DSN number+011-39-314-646-5800",
"USAG Italy-Darby Military Community","Via Vecchia LivorneseCamp DarbyTirrenia Italy 56128","+011-39-050-54-8202View the DOD DSN number+011-39-314-645-8202",
"Camp S D Butler (Camp Foster, Kinser, Courtney, Hansen, Schwab and MCAS Futenma)","Bldg. 1MCB CAMP BUTLER Japan","011-81-98-970-5555View the DOD DSN number315-640-1110","http://www.mcbbutler.marines.mil/"
"Commander Fleet Activities Sasebo","U.S. Fleet Activities SaseboSasebo City Japan 857-0056","011-81-956-50-1110","https://www.cnic.navy.mil/regions/cnrj/installations/cfa_sasebo.html"
"Kadena AB","Douglas Boulevard, Bldg. 220 (Gate 1)Okinawa City Japan 96368-5134","011-81-98-961-3366315-634-3366","http://www.kadena.af.mil"
"Marine Corps Air Station Iwakuni","Building 1PSC 561 Box 1862Japan 96310","011-81-827-79-5032315-253-5032","http://www.marines.mil/unit/mcasiwakuni"
"USAG Japan, Zama","Unit 45006ATTN: IMJN-MWAAPO, AP Japan 96343-5006","011-81-46-407-4357011-81-46-407-5407View the DOD DSN number315-263-4357View the DOD DSN FAX number315-263-5407","https://www.facebook.com/JapanACS/?ref=aymt_homepage_panel"
"USAG Okinawa, Torii Station","Sobe, Yomitan-sonOkinawa Japan 904-0304","011-81-98-970-5555View the DOD DSN number315-652-4357","https://www.army.mil/okinawa"
"Yokota AB","374 FSS/FSHBldg 535, Unit 5119Yokota AB (Fussa) Japan 197-0001","011-81-311-755-1110View the DOD DSN number315-225-1110","http://www.yokota.af.mil/"
"Volkel Air Base","703rd MUNSSCommanders Support StaffAPO Netherlands","011-003-1413-33-5835314-359-5835",
"Stavanger","US National Support ElementAdministration BuildingEikesetveien 29Stavanger Norway 4068","+47-5195-0523+47-5195-0593View the DOD DSN number314-224-0523View the DOD DSN number314-224-0593","http://www.501csw.usafe.af.mil/units/"
"Lajes Field","Bldg T-100APO Portugal 09720","011-351-295-57-4138View the DOD DSN number314-535-4138",
"Fort Buchanan","Headquarters USAGBuilding 390Double Eagle Ave, Suite 301Fort Buchanan Puerto Rico 00934","787-707-3440787-679-3589787-707-3244View the DOD DSN number312-740-3804View the DOD DSN number312-740-3292","https://buchanan.armymwr.com/programs/acs-stacks"
"156th AW","200 Jose A Santana AveCarolina Puerto Rico 00979-1502","787-253-5253","https://www.156aw.ang.af.mil/"
"Camp Humphreys / USAG Humphreys","USAG HumphreysMaude Hall Bldg 6400Unit #15228APO South Korea 96271","+011-503-357-2647View the DOD DSN number315-757-2647","https://home.army.mil/humphreys/index.php"
"Commander Fleet Activities Chinhae","1 Hyeon-DongBldg 606Chinhae-GuChangwon-SiGyeongsangnam-Do South Korea 51698","011-82-503-363-8242011-82-503-363-5394View the DOD DSN number315-763-8242View the DOD DSN number315-763-5394","https://www.cnic.navy.mil/chinhae/index.htm"
"Kunsan AB","Building 755, Room 127Kunsan South Korea 96264-2102","011-82-63-470-5644315-782-5644","http://www.kunsan.af.mil/"
"USAG Daegu","Soldier Support Center Bldg 330Daegu South Korea 96218","315-763-4426+011-82-503-363-4426","https://www.army.mil/Daegu"
"USAG Yongsan-Casey","USAG-Casey, ATTN: ACSUnit #15543, Box 1Gyeonggi ProvinceDongducheon South Korea 113NN","315-722-4504","https://www.army.mil/yongsan"
"Naval Station Rota","3rd Street & Enriquez StreetQuarter Deck Building 1Rota (Cadiz) Spain 11520","011-34-956-82-3129View the DOD DSN number314-727-3129","https://www.cnic.navy.mil/rota/index.htm"
"Incirlik AB","Bldg 833Suite 263Incirlik Turkey 09824","011-90-322-316-6060View the DOD DSN number314-676-6060","http://www.incirlik.af.mil/"
"Izmir AS","425 Amerikan Hava US BirligiHilton Is Merkezi A-BlokGazi Osman Pasa Blv No:7Konak, Izmir Turkey 35210","+011-90-232-455-6694View the DOD DSN number314-675-6694",
"RAF Alconbury, RAF Molesworth","RAF AlconburyHuntingdon Cambridgeshire United Kingdom PE28 4DA","+114-414-80-84-3557View the DOD DSN number314-268-3557","http://www.rafalconbury.com/"
"RAF Croughton, RAF Fairford","RAF CroughtonNear BrackleyNorthamptonshire United Kingdom NN13 5XP","+011-44-128-070-8158View the DOD DSN number314-236-8716","http://www.501csw.usafe.af.mil/"
"RAF Lakenheath","RAF LakenheathBrandon Suffolk United Kingdom IP279PN","314-226-4800011-44-1638-52-4800+44-1638-52-4800","http://www.lakenheath.af.mil/"
"RAF Mildenhall","Kansas RoadBldg 460RAF MildenhallBury St Edmunds, Suffolk United Kingdom 09459-4702","+114-41-638-54-3406314-238-3406",